Image_URL,Annotations,Saved_Filename
D:\O.D.I.L\Image\OneDrive_1_2026-1-6\000001.jpg,,000001.jpg
D:\O.D.I.L\Image\OneDrive_1_2026-1-6\000002.jpg,,000002.jpg
D:\O.D.I.L\Image\OneDrive_1_2026-1-6\000003.jpg,,000003.jpg
D:\O.D.I.L\Image\OneDrive_1_2026-1-6\000004.jpg,,000004.jpg
D:\O.D.I.L\Image\OneDrive_1_2026-1-6\000005.jpg,,000005.jpg
D:\O.D.I.L\Image\OneDrive_1_2026-1-6\000006.jpg,,000006.jpg
D:\O.D.I.L\Image\OneDrive_1_2026-1-6\000007.jpg,,000007.jpg
D:\O.D.I.L\Image\OneDrive_1_2026-1-6\000008.jpg,,000008.jpg
D:\O.D.I.L\Image\OneDrive_1_2026-1-6\000009.jpg,,000009.jpg
D:\O.D.I.L\Image\OneDrive_1_2026-1-6\000010.jpg,,000010.jpg
D:\O.D.I.L\Image\OneDrive_1_2026-1-6\000011.jpg,,000011.jpg
D:\O.D.I.L\Image\OneDrive_1_2026-1-6\000012.jpg,,000012.jpg
D:\O.D.I.L\Image\OneDrive_1_2026-1-6\000013.jpg,,000013.jpg
D:\O.D.I.L\Image\OneDrive_1_2026-1-6\000014.jpg,,000014.jpg
D:\O.D.I.L\Image\OneDrive_1_2026-1-6\000018.jpg,,000018.jpg
D:\O.D.I.L\Image\OneDrive_1_2026-1-6\000021.jpg,,000021.jpg
D:\O.D.I.L\Image\OneDrive_1_2026-1-6\000022.jpg,,000022.jpg
D:\O.D.I.L\Image\OneDrive_1_2026-1-6\000023.jpg,,000023.jpg
D:\O.D.I.L\Image\OneDrive_1_2026-1-6\000027.jpg,,000027.jpg
D:\O.D.I.L\Image\OneDrive_1_2026-1-6\000030.jpg,,000030.jpg
D:\O.D.I.L\Image\OneDrive_1_2026-1-6\000031.jpg,,000031.jpg
D:\O.D.I.L\Image\OneDrive_1_2026-1-6\000032.jpg,,000032.jpg
D:\O.D.I.L\Image\OneDrive_1_2026-1-6\000034.jpg,,000034.jpg
D:\O.D.I.L\Image\OneDrive_1_2026-1-6\000035.jpg,,000035.jpg
D:\O.D.I.L\Image\OneDrive_1_2026-1-6\000036.jpg,,000036.jpg
D:\O.D.I.L\Image\OneDrive_1_2026-1-6\000037.jpg,,000037.jpg
D:\O.D.I.L\Image\OneDrive_1_2026-1-6\000038.jpg,,000038.jpg
D:\O.D.I.L\Image\OneDrive_1_2026-1-6\000039.jpg,,000039.jpg
D:\O.D.I.L\Image\OneDrive_1_2026-1-6\000040.jpg,,000040.jpg
D:\O.D.I.L\Image\OneDrive_1_2026-1-6\000041.jpg,,000041.jpg
D:\O.D.I.L\Image\OneDrive_1_2026-1-6\000042.jpg,,000042.jpg
D:\O.D.I.L\Image\OneDrive_1_2026-1-6\000043.jpg,,000043.jpg
D:\O.D.I.L\Image\OneDrive_1_2026-1-6\000045.jpg,,000045.jpg
D:\O.D.I.L\Image\OneDrive_1_2026-1-6\000046.jpg,,000046.jpg
D:\O.D.I.L\Image\OneDrive_1_2026-1-6\000047.jpg,,000047.jpg
D:\O.D.I.L\Image\OneDrive_1_2026-1-6\000050.jpg,,000050.jpg
D:\O.D.I.L\Image\OneDrive_1_2026-1-6\000051.jpg,,000051.jpg
D:\O.D.I.L\Image\OneDrive_1_2026-1-6\000052.jpg,,000052.jpg
D:\O.D.I.L\Image\OneDrive_1_2026-1-6\000054.jpg,,000054.jpg
D:\O.D.I.L\Image\OneDrive_1_2026-1-6\000055.jpg,,000055.jpg
D:\O.D.I.L\Image\OneDrive_1_2026-1-6\000056.jpg,,000056.jpg
D:\O.D.I.L\Image\OneDrive_1_2026-1-6\000062.jpg,,000062.jpg
D:\O.D.I.L\Image\OneDrive_1_2026-1-6\000063.jpg,,000063.jpg
D:\O.D.I.L\Image\OneDrive_1_2026-1-6\000064.jpg,,000064.jpg
D:\O.D.I.L\Image\OneDrive_1_2026-1-6\000066.jpg,,000066.jpg
D:\O.D.I.L\Image\OneDrive_1_2026-1-6\000068.jpg,,000068.jpg
D:\O.D.I.L\Image\OneDrive_1_2026-1-6\000069.jpg,,000069.jpg
D:\O.D.I.L\Image\OneDrive_1_2026-1-6\000071.jpg,,000071.jpg
D:\O.D.I.L\Image\OneDrive_1_2026-1-6\000072.jpg,,000072.jpg
D:\O.D.I.L\Image\OneDrive_1_2026-1-6\000074.jpg,,000074.jpg
D:\O.D.I.L\Image\OneDrive_1_2026-1-6\000075.jpg,,000075.jpg
D:\O.D.I.L\Image\OneDrive_1_2026-1-6\000088.jpg,,000088.jpg
D:\O.D.I.L\Image\OneDrive_1_2026-1-6\000103.jpg,,000103.jpg
D:\O.D.I.L\Image\OneDrive_1_2026-1-6\000106.jpg,,000106.jpg
D:\O.D.I.L\Image\OneDrive_1_2026-1-6\000107.jpg,,000107.jpg
D:\O.D.I.L\Image\OneDrive_1_2026-1-6\000111.jpg,,000111.jpg
D:\O.D.I.L\Image\OneDrive_1_2026-1-6\000112.jpg,,000112.jpg
D:\O.D.I.L\Image\OneDrive_1_2026-1-6\000113.jpg,,000113.jpg
D:\O.D.I.L\Image\OneDrive_1_2026-1-6\000114.jpg,,000114.jpg
D:\O.D.I.L\Image\OneDrive_1_2026-1-6\000115.jpg,,000115.jpg
D:\O.D.I.L\Image\OneDrive_1_2026-1-6\000116.jpg,,000116.jpg
D:\O.D.I.L\Image\OneDrive_1_2026-1-6\000117.jpg,,000117.jpg
D:\O.D.I.L\Image\OneDrive_1_2026-1-6\000118.jpg,,000118.jpg
D:\O.D.I.L\Image\OneDrive_1_2026-1-6\000119.jpg,,000119.jpg
D:\O.D.I.L\Image\OneDrive_1_2026-1-6\000120.jpg,,000120.jpg
D:\O.D.I.L\Image\OneDrive_1_2026-1-6\000121.jpg,,000121.jpg
D:\O.D.I.L\Image\OneDrive_1_2026-1-6\000123.jpg,,000123.jpg
D:\O.D.I.L\Image\OneDrive_1_2026-1-6\000124.jpg,,000124.jpg
D:\O.D.I.L\Image\OneDrive_1_2026-1-6\000125.jpg,,000125.jpg
D:\O.D.I.L\Image\OneDrive_1_2026-1-6\000128.jpg,,000128.jpg
D:\O.D.I.L\Image\OneDrive_1_2026-1-6\000129.jpg,,000129.jpg
D:\O.D.I.L\Image\OneDrive_1_2026-1-6\000135.jpg,,000135.jpg
D:\O.D.I.L\Image\OneDrive_1_2026-1-6\000136.jpg,,000136.jpg
D:\O.D.I.L\Image\OneDrive_1_2026-1-6\000137.jpg,,000137.jpg
D:\O.D.I.L\Image\OneDrive_1_2026-1-6\000138.jpg,,000138.jpg
D:\O.D.I.L\Image\OneDrive_1_2026-1-6\000139.jpg,,000139.jpg
D:\O.D.I.L\Image\OneDrive_1_2026-1-6\000140.jpg,,000140.jpg
D:\O.D.I.L\Image\OneDrive_1_2026-1-6\000141.jpg,,000141.jpg
D:\O.D.I.L\Image\OneDrive_1_2026-1-6\000142.jpg,,000142.jpg
D:\O.D.I.L\Image\OneDrive_1_2026-1-6\000143.jpg,,000143.jpg
D:\O.D.I.L\Image\OneDrive_1_2026-1-6\000144.jpg,,000144.jpg
D:\O.D.I.L\Image\OneDrive_1_2026-1-6\000145.jpg,,000145.jpg
D:\O.D.I.L\Image\OneDrive_1_2026-1-6\000146.jpg,,000146.jpg
D:\O.D.I.L\Image\OneDrive_1_2026-1-6\000147.jpg,,000147.jpg
D:\O.D.I.L\Image\OneDrive_1_2026-1-6\000148.jpg,,000148.jpg
D:\O.D.I.L\Image\OneDrive_1_2026-1-6\000149.jpg,,000149.jpg
D:\O.D.I.L\Image\OneDrive_1_2026-1-6\000150.jpg,,000150.jpg
D:\O.D.I.L\Image\OneDrive_1_2026-1-6\000151.jpg,,000151.jpg
D:\O.D.I.L\Image\OneDrive_1_2026-1-6\000152.jpg,,000152.jpg
D:\O.D.I.L\Image\OneDrive_1_2026-1-6\000153.jpg,,000153.jpg
D:\O.D.I.L\Image\OneDrive_1_2026-1-6\000154.jpg,,000154.jpg
D:\O.D.I.L\Image\OneDrive_1_2026-1-6\000155.jpg,,000155.jpg
D:\O.D.I.L\Image\OneDrive_1_2026-1-6\000156.jpg,,000156.jpg
D:\O.D.I.L\Image\OneDrive_1_2026-1-6\000158.jpg,,000158.jpg
D:\O.D.I.L\Image\OneDrive_1_2026-1-6\000159.jpg,,000159.jpg
D:\O.D.I.L\Image\OneDrive_1_2026-1-6\000160.jpg,,000160.jpg
D:\O.D.I.L\Image\OneDrive_1_2026-1-6\000161.jpg,,000161.jpg
D:\O.D.I.L\Image\OneDrive_1_2026-1-6\000162.jpg,,000162.jpg
D:\O.D.I.L\Image\OneDrive_1_2026-1-6\000165.jpg,,000165.jpg
D:\O.D.I.L\Image\OneDrive_1_2026-1-6\000166.jpg,,000166.jpg
D:\O.D.I.L\Image\OneDrive_1_2026-1-6\000167.jpg,,000167.jpg
D:\O.D.I.L\Image\OneDrive_1_2026-1-6\000168.jpg,,000168.jpg
D:\O.D.I.L\Image\OneDrive_1_2026-1-6\000169.jpg,,000169.jpg
D:\O.D.I.L\Image\OneDrive_1_2026-1-6\000170.jpg,,000170.jpg
D:\O.D.I.L\Image\OneDrive_1_2026-1-6\000171.jpg,,000171.jpg
D:\O.D.I.L\Image\OneDrive_1_2026-1-6\000172.jpg,,000172.jpg
D:\O.D.I.L\Image\OneDrive_1_2026-1-6\000173.jpg,,000173.jpg
D:\O.D.I.L\Image\OneDrive_1_2026-1-6\000174.jpg,,000174.jpg
D:\O.D.I.L\Image\OneDrive_1_2026-1-6\000175.jpg,,000175.jpg
D:\O.D.I.L\Image\OneDrive_1_2026-1-6\000176.jpg,,000176.jpg
D:\O.D.I.L\Image\OneDrive_1_2026-1-6\000177.jpg,,000177.jpg
D:\O.D.I.L\Image\OneDrive_1_2026-1-6\000178.jpg,,000178.jpg
D:\O.D.I.L\Image\OneDrive_1_2026-1-6\000179.jpg,,000179.jpg
D:\O.D.I.L\Image\OneDrive_1_2026-1-6\000180.jpg,,000180.jpg
D:\O.D.I.L\Image\OneDrive_1_2026-1-6\000181.jpg,,000181.jpg
D:\O.D.I.L\Image\OneDrive_1_2026-1-6\000182.jpg,,000182.jpg
D:\O.D.I.L\Image\OneDrive_1_2026-1-6\000183.jpg,,000183.jpg
D:\O.D.I.L\Image\OneDrive_1_2026-1-6\000184.jpg,,000184.jpg
D:\O.D.I.L\Image\OneDrive_1_2026-1-6\000185.jpg,,000185.jpg
D:\O.D.I.L\Image\OneDrive_1_2026-1-6\000186.jpg,,000186.jpg
D:\O.D.I.L\Image\OneDrive_1_2026-1-6\000187.jpg,,000187.jpg
D:\O.D.I.L\Image\OneDrive_1_2026-1-6\000188.jpg,,000188.jpg
D:\O.D.I.L\Image\OneDrive_1_2026-1-6\000189.jpg,,000189.jpg
D:\O.D.I.L\Image\OneDrive_1_2026-1-6\000190.jpg,,000190.jpg
D:\O.D.I.L\Image\OneDrive_1_2026-1-6\000191.jpg,,000191.jpg
D:\O.D.I.L\Image\OneDrive_1_2026-1-6\000192.jpg,,000192.jpg
D:\O.D.I.L\Image\OneDrive_1_2026-1-6\000193.jpg,,000193.jpg
D:\O.D.I.L\Image\OneDrive_1_2026-1-6\000194.jpg,,000194.jpg
D:\O.D.I.L\Image\OneDrive_1_2026-1-6\000195.jpg,,000195.jpg
D:\O.D.I.L\Image\OneDrive_1_2026-1-6\000196.jpg,,000196.jpg
D:\O.D.I.L\Image\OneDrive_1_2026-1-6\000199.jpg,,000199.jpg
D:\O.D.I.L\Image\OneDrive_1_2026-1-6\000200.jpg,,000200.jpg
D:\O.D.I.L\Image\OneDrive_1_2026-1-6\000201.jpg,,000201.jpg
D:\O.D.I.L\Image\OneDrive_1_2026-1-6\000202.jpg,,000202.jpg
D:\O.D.I.L\Image\OneDrive_1_2026-1-6\000203.jpg,,000203.jpg
D:\O.D.I.L\Image\OneDrive_1_2026-1-6\000204.jpg,,000204.jpg
D:\O.D.I.L\Image\OneDrive_1_2026-1-6\000205.jpg,,000205.jpg
D:\O.D.I.L\Image\OneDrive_1_2026-1-6\000206.jpg,,000206.jpg
D:\O.D.I.L\Image\OneDrive_1_2026-1-6\000207.jpg,,000207.jpg
D:\O.D.I.L\Image\OneDrive_1_2026-1-6\000208.jpg,,000208.jpg
D:\O.D.I.L\Image\OneDrive_1_2026-1-6\000209.jpg,,000209.jpg
D:\O.D.I.L\Image\OneDrive_1_2026-1-6\000210.jpg,,000210.jpg
D:\O.D.I.L\Image\OneDrive_1_2026-1-6\000211.jpg,,000211.jpg
D:\O.D.I.L\Image\OneDrive_1_2026-1-6\000212.jpg,,000212.jpg
D:\O.D.I.L\Image\OneDrive_1_2026-1-6\000213.jpg,,000213.jpg
D:\O.D.I.L\Image\OneDrive_1_2026-1-6\000214.jpg,,000214.jpg
D:\O.D.I.L\Image\OneDrive_1_2026-1-6\000221.jpg,,000221.jpg
D:\O.D.I.L\Image\OneDrive_1_2026-1-6\000222.jpg,,000222.jpg
D:\O.D.I.L\Image\OneDrive_1_2026-1-6\000224.jpg,,000224.jpg
D:\O.D.I.L\Image\OneDrive_1_2026-1-6\000227.jpg,,000227.jpg
